{"x":1221.91796875,"y":452.10546875,"align":1}
