{"x":1178.6171875,"y":437.75390625,"align":0}
