{"x":1119.46875,"y":521.69921875,"align":2}
